{"loss": [0.21538157761096954, 0.06482425332069397, 0.031503453850746155, 0.016130780801177025, 0.009309421293437481, 0.007395371329039335], "f1": [0.9113935368730139, 0.9754265283260619, 0.9884593015452617, 0.9943091729689295, 0.9969058863320347, 0.9976431428341341], "valid_loss": [0.07927534729242325, 0.06564074009656906, 0.07665702700614929, 0.08805384486913681, 0.09889789670705795, 0.10278448462486267], "valid_f1": [0.968924808389133, 0.9756737120762943, 0.9766668893639764, 0.9774103302851893, 0.9778776212388198, 0.9776445338922896]}